{"stats": "openaigym.episode_batch.0.3801.stats.json", "videos": [["openaigym.video.0.3801.video000000.mp4", "openaigym.video.0.3801.video000000.meta.json"], ["openaigym.video.0.3801.video000001.mp4", "openaigym.video.0.3801.video000001.meta.json"], ["openaigym.video.0.3801.video000008.mp4", "openaigym.video.0.3801.video000008.meta.json"], ["openaigym.video.0.3801.video000027.mp4", "openaigym.video.0.3801.video000027.meta.json"], ["openaigym.video.0.3801.video000064.mp4", "openaigym.video.0.3801.video000064.meta.json"], ["openaigym.video.0.3801.video000125.mp4", "openaigym.video.0.3801.video000125.meta.json"], ["openaigym.video.0.3801.video000216.mp4", "openaigym.video.0.3801.video000216.meta.json"], ["openaigym.video.0.3801.video000343.mp4", "openaigym.video.0.3801.video000343.meta.json"], ["openaigym.video.0.3801.video000512.mp4", "openaigym.video.0.3801.video000512.meta.json"]], "env_info": {"gym_version": "0.10.5", "env_id": "PongNoFrameskip-v4"}}