{"episode_id": 125, "content_type": "video/mp4", "encoder_version": {"backend": "ffmpeg", "version": "b'ffmpeg version 3.4.4-0ubuntu0.18.04.1 Copyright (c) 2000-2018 the FFmpeg developers\\nbuilt with gcc 7 (Ubuntu 7.3.0-16ubuntu3)\\nconfiguration: --prefix=/usr --extra-version=0ubuntu0.18.04.1 --toolchain=hardened --libdir=/usr/lib/x86_64-linux-gnu --incdir=/usr/include/x86_64-linux-gnu --enable-gpl --disable-stripping --enable-avresample --enable-avisynth --enable-gnutls --enable-ladspa --enable-libass --enable-libbluray --enable-libbs2b --enable-libcaca --enable-libcdio --enable-libflite --enable-libfontconfig --enable-libfreetype --enable-libfribidi --enable-libgme --enable-libgsm --enable-libmp3lame --enable-libmysofa --enable-libopenjpeg --enable-libopenmpt --enable-libopus --enable-libpulse --enable-librubberband --enable-librsvg --enable-libshine --enable-libsnappy --enable-libsoxr --enable-libspeex --enable-libssh --enable-libtheora --enable-libtwolame --enable-libvorbis --enable-libvpx --enable-libwavpack --enable-libwebp --enable-libx265 --enable-libxml2 --enable-libxvid --enable-libzmq --enable-libzvbi --enable-omx --enable-openal --enable-opengl --enable-sdl2 --enable-libdc1394 --enable-libdrm --enable-libiec61883 --enable-chromaprint --enable-frei0r --enable-libopencv --enable-libx264 --enable-shared\\nlibavutil      55. 78.100 / 55. 78.100\\nlibavcodec     57.107.100 / 57.107.100\\nlibavformat    57. 83.100 / 57. 83.100\\nlibavdevice    57. 10.100 / 57. 10.100\\nlibavfilter     6.107.100 /  6.107.100\\nlibavresample   3.  7.  0 /  3.  7.  0\\nlibswscale      4.  8.100 /  4.  8.100\\nlibswresample   2.  9.100 /  2.  9.100\\nlibpostproc    54.  7.100 / 54.  7.100\\n'", "cmdline": ["ffmpeg", "-nostats", "-loglevel", "error", "-y", "-r", "30", "-f", "rawvideo", "-s:v", "160x210", "-pix_fmt", "rgb24", "-i", "-", "-vcodec", "libx264", "-pix_fmt", "yuv420p", "/storage/xiong/assignment4/data_dqn/dqn_PongNoFrameskip-v4_26-04-2019_09-21-06/gym/openaigym.video.0.9676.video000125.mp4"]}}